{
    "screens": [
        {
            "screen": "passData",
            "sections_struct": [
                {
                    "field": null,
                    "section": "passport_details"
                },
                {
                    "field": null,
                    "section": "registration_address"
                }
            ],
            "sections": [
                {
                    "key": "passport_details",
                    "title": "Паспортные данные",
                    "description": "",
                    "fields_struct": [
                        {
                            "field": "title_pass",
                            "section": null
                        },
                        {
                            "field": "passportNumber",
                            "section": null
                        },
                        {
                            "field": "dateIssue",
                            "section": null
                        },
                        {
                            "field": "codeIssue",
                            "section": null
                        },
                        {
                            "field": "orgIssue",
                            "section": null
                        },
                        {
                            "field": "fio",
                            "section": null
                        },
                        {
                            "field": "no_middle_name",
                            "section": null
                        },
                        {
                            "field": "dateOfBirth",
                            "section": null
                        },
                        {
                            "field": "placeOfBirth",
                            "section": null
                        }
                    ],
                    "fields": [
                        {
                            "key": "title_pass",
                            "type": "LABEL",
                            "title": "Проверьте, все ли правильно? Если наш робот ошибся - исправьте неверные данные",
                            "required": false,
                            "input_type": "TEXT",
                            "value": {
                                "title": "",
                                "value": "",
                                "requires": null
                            }
                        },
                        {
                            "key": "passportNumber",
                            "type": "INPUT",
                            "title": "Серия и номер паспорта",
                            "required": true,
                            "input_type": "NUMBER",
                            "value": {
                                "title": "",
                                "value": "",
                                "requires": null
                            },
                            "validators": {
                                "pattern": "#### ######",
                                "max_length": 10,
                                "min_length": 10
                            },
                            "unit": "PASSPORT",
                            "help_text": "Проверьте данные паспорта"
                        },
                        {
                            "key": "dateIssue",
                            "type": "INPUT",
                            "title": "Дата выдачи",
                            "required": true,
                            "input_type": "NUMBER",
                            "value": {
                                "title": "",
                                "value": "",
                                "requires": null
                            },
                            "validators": {
                                "pattern": "##.##.####",
                                "max_length": 8,
                                "min_length": 8
                            },
                            "help_text": "Проверьте данные паспорта"
                        },
                        {
                            "key": "codeIssue",
                            "type": "INPUT",
                            "title": "Код подразделения",
                            "required": true,
                            "input_type": "NUMBER",
                            "value": {
                                "title": "",
                                "value": "",
                                "requires": null
                            },
                            "validators": {
                                "pattern": "###-###",
                                "max_length": 6,
                                "min_length": 6
                            },
                            "unit": "UNITCODE",
                            "help_text": "Проверьте данные паспорта"
                        },
                        {
                            "key": "orgIssue",
                            "type": "INPUT_VIEW",
                            "title": "Кем выдан",
                            "required": true,
                            "input_type": "TEXT",
                            "value": {
                                "title": "",
                                "value": "",
                                "requires": null
                            },
                            "help_text": "Проверьте данные паспорта"
                        },
                        {
                            "key": "fio",
                            "type": "INPUT",
                            "title": "Фамилия Имя Отчество",
                            "required": true,
                            "input_type": "TEXT",
                            "value": {
                                "title": "",
                                "value": "",
                                "requires": null
                            },
                            "help_text": "Пожалуйста, заполните поле ФИО",
                            "additionalField": {
                                "firstName": "",
                                "lastName": "",
                                "patronymic": ""
                            }
                        },
                        {
                            "key": "sex",
                            "type": "NONE",
                            "title": "Пол",
                            "required": false,
                            "input_type": "NONE",
                            "value": {
                                "title": "",
                                "value": "",
                                "requires": null
                            }
                        },
                        {
                            "key": "no_middle_name",
                            "type": "INPUT",
                            "title": "Нет отчества",
                            "required": false,
                            "input_type": "CHECKBOX",
                            "value": {
                                "title": "",
                                "value": "false",
                                "requires": null
                            }
                        },
                        {
                            "key": "dateOfBirth",
                            "type": "INPUT",
                            "title": "Дата рождения",
                            "required": true,
                            "input_type": "NUMBER",
                            "value": {
                                "title": "",
                                "value": "",
                                "requires": null
                            },
                            "validators": {
                                "pattern": "##.##.####",
                                "max_length": 8,
                                "min_length": 8
                            },
                            "help_text": "Пожалуйста, введите дату рождения"
                        },
                        {
                            "key": "placeOfBirth",
                            "type": "INPUT",
                            "title": "Место рождения",
                            "required": true,
                            "input_type": "TEXT",
                            "value": {
                                "title": "",
                                "value": "",
                                "requires": null
                            },
                            "help_text": "Пожалуйста, введите место рождения"
                        }
                    ]
                },
                {
                    "key": "registration_address",
                    "title": "Адрес регистрации",
                    "description": "",
                    "fields_struct": [
                        {
                            "field": "title_address",
                            "section": null
                        },
                        {
                            "field": "registration_address",
                            "section": null
                        },
                        {
                            "field": "has_detached_house",
                            "section": null
                        },
                        {
                            "field": "flat",
                            "section": null
                        },
                        {
                            "field": "has_address_match",
                            "section": null
                        },
                        {
                            "field": "next_button",
                            "section": null
                        }
                    ],
                    "fields": [
                        {
                            "key": "title_address",
                            "type": "LABEL",
                            "title": "Проверьте или заполните адрес, чтобы рассчитать лимит",
                            "required": false,
                            "input_type": "TEXT",
                            "value": {
                                "title": "",
                                "value": "",
                                "requires": null
                            }
                        },
                        {
                            "key": "registration_address",
                            "type": "LINK",
                            "title": "Адрес регистрации",
                            "required": true,
                            "input_type": "TEXT",
                            "value": {
                                "title": "",
                                "value": "",
                                "requires": null
                            },
                            "link": "searchAddressRegistry",
                            "help_text": "Пожалуйста, введите адрес регистрации",
                            "additionalField": {
                                "country": "",
                                "region_kladr_id": "",
                                "region": "",
                                "region_type": "",
                                "city_kladr_id": "",
                                "city": "",
                                "city_type": "",
                                "street_kladr_id": "",
                                "street": "",
                                "street_type": "",
                                "house_kladr_id": "",
                                "house": "",
                                "house_type": "",
                                "flat": "",
                                "flat_type": "",
                                "postal_code": "",
                                "fias_id": ""
                            }
                        },
                        {
                            "key": "has_detached_house",
                            "type": "INPUT",
                            "title": "Частный дом",
                            "required": false,
                            "input_type": "CHECKBOX",
                            "value": {
                                "title": "",
                                "value": "false",
                                "requires": [
                                    {
                                        "field": "flat",
                                        "section": null
                                    }
                                ]
                            }
                        },
                        {
                            "key": "flat",
                            "type": "INPUT",
                            "title": "№ квартиры",
                            "required": true,
                            "input_type": "NUMBER",
                            "value": {
                                "title": "",
                                "value": "",
                                "requires": null
                            },
                            "help_text": "Пожалуйста, введите номер квартиры"
                        },
                        {
                            "key": "has_address_match",
                            "type": "INPUT",
                            "title": "Проживаю по адресу регистрации",
                            "required": false,
                            "input_type": "SWITCH",
                            "value": {
                                "title": "",
                                "value": "true",
                                "requires": [
                                    {
                                        "field": "residence_address",
                                        "section": null
                                    },
                                    {
                                        "field": "has_detached_residence_house",
                                        "section": null
                                    },
                                    {
                                        "field": "residence_flat",
                                        "section": null
                                    }
                                ]
                            }
                        },
                        {
                            "key": "residence_address",
                            "type": "LINK",
                            "title": "Адрес проживания",
                            "required": false,
                            "input_type": "TEXT",
                            "value": {
                                "title": "",
                                "value": "",
                                "requires": null
                            },
                            "link": "searchAddressResidence",
                            "help_text": "Пожалуйста, введите адрес проживания",
                            "additionalField": {
                                "country": "",
                                "region_kladr_id": "",
                                "region": "",
                                "region_type": "",
                                "city_kladr_id": "",
                                "city": "",
                                "city_type": "",
                                "street_kladr_id": "",
                                "street": "",
                                "street_type": "",
                                "house_kladr_id": "",
                                "house": "",
                                "house_type": "",
                                "flat": "",
                                "flat_type": "",
                                "postal_code": "",
                                "fias_id": ""
                            }
                        },
                        {
                            "key": "has_detached_residence_house",
                            "type": "INPUT",
                            "title": "Частный дом",
                            "required": false,
                            "input_type": "CHECKBOX",
                            "value": {
                                "title": "",
                                "value": "false",
                                "requires": [
                                    {
                                        "field": "residence_flat",
                                        "section": null
                                    }
                                ]
                            }
                        },
                        {
                            "key": "residence_flat",
                            "type": "INPUT",
                            "title": "№ квартиры",
                            "required": false,
                            "input_type": "NUMBER",
                            "value": {
                                "title": "",
                                "value": "",
                                "requires": null
                            },
                            "help_text": "Пожалуйста, введите номер квартиры"
                        },
                        {
                            "key": "next_button",
                            "type": "BUTTON",
                            "title": "Продолжить",
                            "required": false,
                            "input_type": "ACTION",
                            "value": {
                                "title": "",
                                "value": "",
                                "requires": null
                            }
                        }
                    ]
                }
            ]
        },
        {
            "screen": "final",
            "sections_struct": [
                {
                    "field": null,
                    "section": "employment_type"
                },
                {
                    "field": null,
                    "section": "revenue"
                },{
                    "field": null,
                    "section": "consent"
                }
            ],
            "sections": [
                {
                    "key": "employment_type",
                    "title": "Выберите тип занятости",
                    "description": "",
                    "fields_struct": [
                        {
                            "field": "title_occupation",
                            "section": null
                        },
                        {
                            "field": "occupationTypeCode",
                            "section": null
                        }
                    ],
                    "fields": [
                        {
                            "key": "title_occupation",
                            "type": "LABEL",
                            "title": "Последний шаг! Эти данные нужны для определения суммы лимиты",
                            "required": false,
                            "input_type": "TEXT",
                            "value": {
                                "title": "",
                                "value": "",
                                "requires": null
                            }
                        },
                        {
                            "key": "occupationTypeCode",
                            "type": "DROPDOWN",
                            "title": "тип занятости",
                            "required": true,
                            "input_type": "NUMBER",
                            "value": {
                                "title": "",
                                "value": "",
                                "requires": null
                            },
                            "values_list": [
                                {
                                    "title": "Предприниматель",
                                    "value": "OMAY_Businessman",
                                    "requires": null
                                },
                                {
                                    "title": "Безработный",
                                    "value": "OMAY_Unemployed",
                                    "requires": null
                                },
                                {
                                    "title": "Декретный отпуск",
                                    "value": "OMAY_MaternityLeave",
                                    "requires": null
                                },
                                {
                                    "title": "Рабочий",
                                    "value": "OMAY_Laborer",
                                    "requires": null
                                },
                                {
                                    "title": "Государственный служащий",
                                    "value": "OMAY_GovernmentEmployee",
                                    "requires": null
                                },
                                {
                                    "title": "Пенсионер",
                                    "value": "OMAY_Retired",
                                    "requires": null
                                },
                                {
                                    "title": "Студент",
                                    "value": "OMAY_Student",
                                    "requires": null
                                },
                                {
                                    "title": "Военнослужащий",
                                    "value": "OMAY_Military",
                                    "requires": null
                                },
                                {
                                    "title": "Самозанятый",
                                    "value": "OMAY_SelfEmployed",
                                    "requires": null
                                },
                                {
                                    "title": "Коммерческий сотрудник",
                                    "value": "OMAY_CommercialEmployee",
                                    "requires": null
                                }
                            ],
                            "help_text": "Выберите тип занятости"
                        }
                    ]
                },
                {
                    "key": "revenue",
                    "title": "Ваш совокупный доход в месяц",
                    "description": "",
                    "fields_struct": [
                        {
                            "field": "title",
                            "section": null
                        },
                        {
                            "field": "income",
                            "section": null
                        }
                    ],
                    "fields": [
                        {
                            "key": "title",
                            "type": "LABEL",
                            "title": "Включая заработок от аренды, пособия и др. доходы",
                            "required": false,
                            "input_type": "TEXT",
                            "value": {
                                "title": "",
                                "value": "",
                                "requires": null
                            }
                        },
                        {
                            "key": "income",
                            "type": "INPUT",
                            "title": "Доход",
                            "required": true,
                            "input_type": "DECIMAL",
                            "value": {
                                "title": "",
                                "value": "",
                                "requires": null
                            },
                            "validators": {
                                "pattern": "# ###,## ₽"
                            },
                            "unit": "MONEY",
                            "help_text": "Заполните поле доход"
                        }
                    ]
                },
                {
                    "key": "consent",
                    "title": "Согласие",
                    "description": "",
                    "fields_struct": [
                        {
                            "field": "title_consent",
                            "section": null
                        },
                        {
                            "field": "pep_field",
                            "section": null
                        },
                        {
                            "field": "consent_field",
                            "section": null
                        },
                        {
                            "field": "next_button",
                            "section": null
                        }
                    ],
                    "fields": [
                        {
                            "key": "title_consent",
                            "type": "LABEL",
                            "title": "Эти согласия позволят рассчитать лимит, но не обязывают вас его использовать",
                            "required": false,
                            "input_type": "TEXT",
                            "value": {
                                "title": "",
                                "value": "",
                                "requires": null
                            }
                        },
                        {
                            "key": "pep_field",
                            "type": "INPUT",
                            "title": "Я принимаю правила использования простой электронной подписи",
                            "required": true,
                            "input_type": "CHECKBOX",
                            "value": {
                                "title": "PD_LIMITS",
                                "value": "false",
                                "requires": null
                            },
                            "link": "правила использования",
                            "help_text": "Нужно согласие с правилами и запрос в бюро кредитных историй"
                        },
                        {
                            "key": "consent_field",
                            "type": "INPUT",
                            "title": "Я даю свое согласие на обработку персональных данных и получение информации из бюро кредитных историй",
                            "required": true,
                            "input_type": "CHECKBOX",
                            "value": {
                                "title": "ECP_LIMITS",
                                "value": "false",
                                "requires": null
                            },
                            "link": "согласие на обработку персональных данных",
                            "help_text": "Нужно согласие с правилами и запрос в бюро кредитных историй"
                        },
                        {
                            "key": "next_button",
                            "type": "BUTTON",
                            "title": "Узнать лимит",
                            "required": false,
                            "input_type": "ACTION",
                            "value": {
                                "title": "",
                                "value": "",
                                "requires": null
                            }
                        }
                    ]
                }
            ]
        }
    ]
}
